<?xml version="1.0" encoding="UTF-8"?>
<project-private xmlns="http://www.netbeans.org/ns/project-private/1">
    <editor-bookmarks xmlns="http://www.netbeans.org/ns/editor-bookmarks/2" lastBookmarkId="0"/>
    <open-files xmlns="http://www.netbeans.org/ns/projectui-open-files/2">
        <group>
            <file>file:/I:/CICLO%20V/PATRONES%20DE%20DISEÑO%20DE%20SOFTWARE/Semana%201/clasepractica1_FloresGarcia/src/CLASES/Mochila.java</file>
            <file>file:/I:/CICLO%20V/PATRONES%20DE%20DISEÑO%20DE%20SOFTWARE/Semana%201/clasepractica1_FloresGarcia/src/EJECUTOR/LlenarMochila.java</file>
            <file>file:/I:/CICLO%20V/PATRONES%20DE%20DISEÑO%20DE%20SOFTWARE/Semana%201/clasepractica1_FloresGarcia/src/CLASES/Objeto.java</file>
        </group>
    </open-files>
</project-private>
